{
  "overall": {
    "auc": 0.7206440421913446,
    "auc_std": 0.03701014163738874,
    "brier": 0.20107706815565948,
    "ece": 0.13888621482001814,
    "mce": 0.26751387554608036,
    "log_loss": 0.58484573865481,
    "calibrated_auc": 0.7244615266319293,
    "calibrated_brier": 0.1982869194463651,
    "calibrated_ece": 0.11215689660321092,
    "calibrated_mce": 0.3603501660483225
  },
  "fold_results": [
    {
      "fold": 1,
      "auc": 0.7646200471433382,
      "brier": 0.1941357053426894,
      "ece": 0.16125295545373644,
      "mce": 0.37731347364537854,
      "calibrated_brier": 0.17445297872590596,
      "calibrated_ece": 0.0807079679554417,
      "calibrated_mce": 0.323809540271759,
      "best_params": {
        "n_estimators": 314,
        "max_depth": 3,
        "learning_rate": 0.029737668348753393,
        "min_child_weight": 4,
        "gamma": 0.10254282606440626,
        "subsample": 0.9494464723119849,
        "colsample_bytree": 0.6496647400091164,
        "reg_alpha": 2.787348299979063,
        "reg_lambda": 2.167286908265351,
        "scale_pos_weight": 2.5228836103483796,
        "random_state": 42,
        "tree_method": "hist",
        "verbosity": 0,
        "use_label_encoder": false,
        "eval_metric": "logloss"
      },
      "best_value": 0.7150140920270388
    },
    {
      "fold": 2,
      "auc": 0.7109664384330453,
      "brier": 0.1837435104983093,
      "ece": 0.04828031758467356,
      "mce": 0.31241330930164884,
      "calibrated_brier": 0.21474923214026392,
      "calibrated_ece": 0.14651521298856962,
      "calibrated_mce": 0.8115941882133484,
      "best_params": {
        "n_estimators": 256,
        "max_depth": 6,
        "learning_rate": 0.09928572367835285,
        "min_child_weight": 2,
        "gamma": 1.1679435417337198,
        "subsample": 0.924790581290825,
        "colsample_bytree": 0.5680027759590546,
        "reg_alpha": 1.3637013031254321,
        "reg_lambda": 11.925001636148618,
        "scale_pos_weight": 1.2300436186251344,
        "random_state": 42,
        "tree_method": "hist",
        "verbosity": 0,
        "use_label_encoder": false,
        "eval_metric": "logloss"
      },
      "best_value": 0.7001019676641645
    },
    {
      "fold": 3,
      "auc": 0.6848595569764785,
      "brier": 0.2033264180499215,
      "ece": 0.13361976370571904,
      "mce": 0.3018087511477263,
      "calibrated_brier": 0.21398009744039065,
      "calibrated_ece": 0.16286611353809186,
      "calibrated_mce": 0.5204082046236311,
      "best_params": {
        "n_estimators": 276,
        "max_depth": 3,
        "learning_rate": 0.0893820684078001,
        "min_child_weight": 3,
        "gamma": 0.8037935113156742,
        "subsample": 0.760788382100587,
        "colsample_bytree": 0.5503877349188432,
        "reg_alpha": 0.1732866525460428,
        "reg_lambda": 3.942610319406045,
        "scale_pos_weight": 2.4865028848190485,
        "random_state": 42,
        "tree_method": "hist",
        "verbosity": 0,
        "use_label_encoder": false,
        "eval_metric": "logloss"
      },
      "best_value": 0.7237327804711021
    },
    {
      "fold": 4,
      "auc": 0.7725508106873715,
      "brier": 0.19931274036056845,
      "ece": 0.18657489705599095,
      "mce": 0.2877797917886214,
      "calibrated_brier": 0.1745867962662671,
      "calibrated_ece": 0.10522172377226456,
      "calibrated_mce": 0.28431371847788495,
      "best_params": {
        "n_estimators": 679,
        "max_depth": 4,
        "learning_rate": 0.014163413449618807,
        "min_child_weight": 4,
        "gamma": 1.2715795057888155,
        "subsample": 0.911449051340852,
        "colsample_bytree": 0.6057623165544781,
        "reg_alpha": 1.2443349429605846,
        "reg_lambda": 1.4759110869606555,
        "scale_pos_weight": 3.1364526921667686,
        "random_state": 42,
        "tree_method": "hist",
        "verbosity": 0,
        "use_label_encoder": false,
        "eval_metric": "logloss"
      },
      "best_value": 0.7100585366233267
    },
    {
      "fold": 5,
      "auc": 0.6770621468926554,
      "brier": 0.20034340926401104,
      "ece": 0.09859012584224272,
      "mce": 0.8090673089027405,
      "calibrated_brier": 0.21414079334235972,
      "calibrated_ece": 0.13018300280901804,
      "calibrated_mce": 1.0,
      "best_params": {
        "n_estimators": 652,
        "max_depth": 3,
        "learning_rate": 0.01664350990779478,
        "min_child_weight": 4,
        "gamma": 0.7847395711969636,
        "subsample": 0.8614257661881372,
        "colsample_bytree": 0.5565210831945949,
        "reg_alpha": 2.5103987241962007,
        "reg_lambda": 1.479054389159102,
        "scale_pos_weight": 1.864348442826877,
        "random_state": 42,
        "tree_method": "hist",
        "verbosity": 0,
        "use_label_encoder": false,
        "eval_metric": "logloss"
      },
      "best_value": 0.7155036011217648
    },
    {
      "fold": 6,
      "auc": 0.6803389830508475,
      "brier": 0.21512842985915567,
      "ece": 0.147609139886199,
      "mce": 0.5845283269882202,
      "calibrated_brier": 0.21783428238023478,
      "calibrated_ece": 0.15515108873541844,
      "calibrated_mce": 0.5842366814613342,
      "best_params": {
        "n_estimators": 387,
        "max_depth": 3,
        "learning_rate": 0.025601687711792123,
        "min_child_weight": 8,
        "gamma": 0.7974202955973854,
        "subsample": 0.8951646702489086,
        "colsample_bytree": 0.6704957404648579,
        "reg_alpha": 0.4271645450062469,
        "reg_lambda": 3.078643944731172,
        "scale_pos_weight": 2.35715850072288,
        "random_state": 42,
        "tree_method": "hist",
        "verbosity": 0,
        "use_label_encoder": false,
        "eval_metric": "logloss"
      },
      "best_value": 0.725873303799199
    },
    {
      "fold": 7,
      "auc": 0.7087005649717514,
      "brier": 0.23265560281731554,
      "ece": 0.20584916690605107,
      "mce": 0.4114706671756247,
      "calibrated_brier": 0.22875084012641658,
      "calibrated_ece": 0.1730831502513452,
      "calibrated_mce": 0.536111111442248,
      "best_params": {
        "n_estimators": 588,
        "max_depth": 3,
        "learning_rate": 0.03118737487399003,
        "min_child_weight": 8,
        "gamma": 1.4225046545511213,
        "subsample": 0.8598966198423653,
        "colsample_bytree": 0.6109451231933295,
        "reg_alpha": 1.2979205484787022,
        "reg_lambda": 1.0465563576182724,
        "scale_pos_weight": 3.375190043210044,
        "random_state": 42,
        "tree_method": "hist",
        "verbosity": 0,
        "use_label_encoder": false,
        "eval_metric": "logloss"
      },
      "best_value": 0.7286942721436294
    },
    {
      "fold": 8,
      "auc": 0.7523163841807909,
      "brier": 0.19799213336541843,
      "ece": 0.16040925259153813,
      "mce": 0.27910025914510095,
      "calibrated_brier": 0.18194853535328256,
      "calibrated_ece": 0.10119151063798147,
      "calibrated_mce": 0.3025640447934469,
      "best_params": {
        "n_estimators": 449,
        "max_depth": 3,
        "learning_rate": 0.04066283090298016,
        "min_child_weight": 2,
        "gamma": 0.24731980535131323,
        "subsample": 0.9356976254894828,
        "colsample_bytree": 0.5865345903873302,
        "reg_alpha": 1.1600020823513748,
        "reg_lambda": 1.0216047488845943,
        "scale_pos_weight": 3.090267379529102,
        "random_state": 42,
        "tree_method": "hist",
        "verbosity": 0,
        "use_label_encoder": false,
        "eval_metric": "logloss"
      },
      "best_value": 0.7230012124083038
    },
    {
      "fold": 9,
      "auc": 0.7741242937853107,
      "brier": 0.1889661537440667,
      "ece": 0.1465536628328442,
      "mce": 0.2332543918960973,
      "calibrated_brier": 0.17919986090086745,
      "calibrated_ece": 0.06998483940032109,
      "calibrated_mce": 0.4837209939956665,